,precision,recall,f1-score,support
0,0.64,0.5614035087719298,0.5981308411214953,57.0
1,0.5,0.5813953488372093,0.5376344086021505,43.0
accuracy,0.57,0.57,0.57,0.57
macro avg,0.5700000000000001,0.5713994288045696,0.567882624861823,100.0
weighted avg,0.5798000000000001,0.57,0.5721173751381771,100.0
