,precision,recall,f1-score,support
0,0.76,0.5135135135135135,0.6129032258064517,74.0
1,0.28,0.5384615384615384,0.3684210526315789,26.0
accuracy,0.52,0.52,0.52,0.52
macro avg,0.52,0.525987525987526,0.49066213921901536,100.0
weighted avg,0.6352,0.52,0.5493378607809848,100.0
