,precision,recall,f1-score,support
0,0.5,0.44642857142857145,0.47169811320754723,56.0
1,0.38,0.4318181818181818,0.4042553191489362,44.0
accuracy,0.44,0.44,0.44,0.44
macro avg,0.44,0.43912337662337664,0.43797671617824174,100.0
weighted avg,0.4472,0.44,0.4420232838217584,100.0
