,precision,recall,f1-score,support
0,0.66,0.5076923076923077,0.5739130434782608,65.0
1,0.36,0.5142857142857142,0.4235294117647058,35.0
accuracy,0.51,0.51,0.51,0.51
macro avg,0.51,0.510989010989011,0.4987212276214833,100.0
weighted avg,0.555,0.51,0.5212787723785166,100.0
