,precision,recall,f1-score,support
0,0.7,0.4861111111111111,0.5737704918032787,72.0
1,0.26,0.4642857142857143,0.3333333333333333,28.0
accuracy,0.48,0.48,0.48,0.48
macro avg,0.48,0.4751984126984127,0.45355191256830596,100.0
weighted avg,0.5768,0.48,0.5064480874316939,100.0
