,precision,recall,f1-score,support
0,1.0,0.5,0.6666666666666666,100.0
1,0.0,0.0,0.0,0.0
accuracy,0.5,0.5,0.5,0.5
macro avg,0.5,0.25,0.3333333333333333,100.0
weighted avg,1.0,0.5,0.6666666666666665,100.0
