,precision,recall,f1-score,support
0,0.66,0.44,0.5279999999999999,75.0
1,0.16,0.32,0.21333333333333335,25.0
accuracy,0.41,0.41,0.41,0.41
macro avg,0.41000000000000003,0.38,0.37066666666666664,100.0
weighted avg,0.535,0.41,0.4493333333333333,100.0
